{"cameraMode":{"drawMode":0,"name":"Shaded","section":"Shading Mode"},"sceneLighting":false,"audioPlay":false,"sceneViewState":{"showFog":true,"showMaterialUpdate":false,"showSkybox":true,"showFlares":true,"showImageEffects":true,"showParticleSystems":true},"in2DMode":false,"pivot":{"x":475.7103576660156,"y":1228.162353515625,"z":1.2280149459838868},"rotation":{"x":0.07970850169658661,"y":0.020336268469691278,"z":-0.0016264644218608738,"w":0.9966094493865967},"size":2048.004150390625,"orthographic":false}